<?xml version="1.0" encoding="UTF-8"?>

<beans
xmlns="http://www.springframework.org/schema/beans"
xmlns:xsi="http://www.w3.org/2001/XMLSchema-instance"
xmlns:context="http://www.springframework.org/schema/context"
xsi:schemaLocation="http://www.springframework.org/schema/beans
https://www.springframework.org/schema/beans/spring-beans-3.0.xsd
">

<bean id ="emp1" class="spring.demo.DI.Employee">
    <property name="e_id" value="1"/>
    <property name="e_name" value="John"/>
    <property name="e_salary" value="100000"/>
</bean>

<bean id ="emp2" class="spring.demo.DI.Employee">
    <property name="e_id" value="1"/>
    <property name="e_name" value="Jack"/>
    <property name="e_salary" value="98000"/>
</bean>

<bean id ="emp3" class="spring.demo.DI.Employee" init-method="myInit" destroy-method="myDestroy">
    <property name="e_id" value="3"/>
    <property name="e_name" value="Mike"/>
    <property name="e_salary" value="300000"/>
</bean>

<bean id ="addr1" class="spring.demo.DI.Address">
    <property name="city" value="Bengaluru"/>
    <property name="state" value="Karnataka"/>
    <property name="zipCode" value="520103"/>
</bean>

<bean id ="emp4" class="spring.demo.DI.Employee" init-method="myInit" destroy-method="myDestroy">
    <property name="e_id" value="4"/>
    <property name="e_name" value="Doe"/>
    <property name="e_salary" value="300000"/>
    <constructor-arg ref="addr1"/>
<!--    <property name="e_addr" value="addr1"/>-->
</bean>

</beans>