{"version":"1.4.0","project":{"name":"oops_b740afc53c-f59c9cbc13","directory":"/Users/sreepramod/Desktop/CODE/BASICS/SCALA/MAIN/index/src/main/scala/oops/.scala-build","workspaceDir":"/Users/sreepramod/Desktop/CODE/BASICS/SCALA/MAIN/index/src/main/scala/oops","sources":["/Users/sreepramod/Desktop/CODE/BASICS/SCALA/MAIN/index/src/main/scala/oops/oopsBaiscs.scala"],"dependencies":[],"classpath":["/Users/sreepramod/Library/Caches/Coursier/arc/https/github.com/scala/scala3/releases/download/3.6.3/scala3-3.6.3-aarch64-apple-darwin.tar.gz/scala3-3.6.3-aarch64-apple-darwin/maven2/org/scala-lang/scala3-library_3/3.6.3/scala3-library_3-3.6.3.jar","/Users/sreepramod/Library/Caches/Coursier/arc/https/github.com/scala/scala3/releases/download/3.6.3/scala3-3.6.3-aarch64-apple-darwin.tar.gz/scala3-3.6.3-aarch64-apple-darwin/maven2/org/scala-lang/scala-library/2.13.15/scala-library-2.13.15.jar"],"out":"/Users/sreepramod/Desktop/CODE/BASICS/SCALA/MAIN/index/src/main/scala/oops/.scala-build/.bloop/oops_b740afc53c-f59c9cbc13","classesDir":"/Users/sreepramod/Desktop/CODE/BASICS/SCALA/MAIN/index/src/main/scala/oops/.scala-build/oops_b740afc53c-f59c9cbc13/classes/main","scala":{"organization":"org.scala-lang","name":"scala-compiler","version":"3.6.3","options":["-sourceroot","/Users/sreepramod/Desktop/CODE/BASICS/SCALA/MAIN/index/src/main/scala/oops"],"jars":["/Users/sreepramod/Library/Caches/Coursier/arc/https/github.com/scala/scala3/releases/download/3.6.3/scala3-3.6.3-aarch64-apple-darwin.tar.gz/scala3-3.6.3-aarch64-apple-darwin/maven2/org/scala-lang/scala3-compiler_3/3.6.3/scala3-compiler_3-3.6.3.jar","/Users/sreepramod/Library/Caches/Coursier/arc/https/github.com/scala/scala3/releases/download/3.6.3/scala3-3.6.3-aarch64-apple-darwin.tar.gz/scala3-3.6.3-aarch64-apple-darwin/maven2/org/scala-lang/scala3-interfaces/3.6.3/scala3-interfaces-3.6.3.jar","/Users/sreepramod/Library/Caches/Coursier/arc/https/github.com/scala/scala3/releases/download/3.6.3/scala3-3.6.3-aarch64-apple-darwin.tar.gz/scala3-3.6.3-aarch64-apple-darwin/maven2/org/scala-lang/scala3-library_3/3.6.3/scala3-library_3-3.6.3.jar","/Users/sreepramod/Library/Caches/Coursier/arc/https/github.com/scala/scala3/releases/download/3.6.3/scala3-3.6.3-aarch64-apple-darwin.tar.gz/scala3-3.6.3-aarch64-apple-darwin/maven2/org/scala-lang/tasty-core_3/3.6.3/tasty-core_3-3.6.3.jar","/Users/sreepramod/Library/Caches/Coursier/arc/https/github.com/scala/scala3/releases/download/3.6.3/scala3-3.6.3-aarch64-apple-darwin.tar.gz/scala3-3.6.3-aarch64-apple-darwin/maven2/org/scala-lang/modules/scala-asm/9.7.0-scala-2/scala-asm-9.7.0-scala-2.jar","/Users/sreepramod/Library/Caches/Coursier/arc/https/github.com/scala/scala3/releases/download/3.6.3/scala3-3.6.3-aarch64-apple-darwin.tar.gz/scala3-3.6.3-aarch64-apple-darwin/maven2/org/scala-sbt/compiler-interface/1.9.6/compiler-interface-1.9.6.jar","/Users/sreepramod/Library/Caches/Coursier/arc/https/github.com/scala/scala3/releases/download/3.6.3/scala3-3.6.3-aarch64-apple-darwin.tar.gz/scala3-3.6.3-aarch64-apple-darwin/maven2/org/jline/jline-reader/3.27.1/jline-reader-3.27.1.jar","/Users/sreepramod/Library/Caches/Coursier/arc/https/github.com/scala/scala3/releases/download/3.6.3/scala3-3.6.3-aarch64-apple-darwin.tar.gz/scala3-3.6.3-aarch64-apple-darwin/maven2/org/jline/jline-terminal/3.27.1/jline-terminal-3.27.1.jar","/Users/sreepramod/Library/Caches/Coursier/arc/https/github.com/scala/scala3/releases/download/3.6.3/scala3-3.6.3-aarch64-apple-darwin.tar.gz/scala3-3.6.3-aarch64-apple-darwin/maven2/org/jline/jline-terminal-jni/3.27.1/jline-terminal-jni-3.27.1.jar","/Users/sreepramod/Library/Caches/Coursier/arc/https/github.com/scala/scala3/releases/download/3.6.3/scala3-3.6.3-aarch64-apple-darwin.tar.gz/scala3-3.6.3-aarch64-apple-darwin/maven2/org/scala-lang/scala-library/2.13.15/scala-library-2.13.15.jar","/Users/sreepramod/Library/Caches/Coursier/arc/https/github.com/scala/scala3/releases/download/3.6.3/scala3-3.6.3-aarch64-apple-darwin.tar.gz/scala3-3.6.3-aarch64-apple-darwin/maven2/org/scala-sbt/util-interface/1.9.8/util-interface-1.9.8.jar","/Users/sreepramod/Library/Caches/Coursier/arc/https/github.com/scala/scala3/releases/download/3.6.3/scala3-3.6.3-aarch64-apple-darwin.tar.gz/scala3-3.6.3-aarch64-apple-darwin/maven2/org/jline/jline-native/3.27.1/jline-native-3.27.1.jar"],"bridgeJars":["/Users/sreepramod/Library/Caches/Coursier/arc/https/github.com/scala/scala3/releases/download/3.6.3/scala3-3.6.3-aarch64-apple-darwin.tar.gz/scala3-3.6.3-aarch64-apple-darwin/maven2/org/scala-lang/scala3-sbt-bridge/3.6.3/scala3-sbt-bridge-3.6.3.jar"]},"java":{"options":[]},"platform":{"name":"jvm","config":{"home":"/Library/Java/JavaVirtualMachines/jdk-19.jdk/Contents/Home","options":[]},"mainClass":[]},"resolution":{"modules":[{"organization":"org.scala-lang","name":"scala3-library_3","version":"3.6.3","artifacts":[{"name":"scala3-library_3","path":"/Users/sreepramod/Library/Caches/Coursier/arc/https/github.com/scala/scala3/releases/download/3.6.3/scala3-3.6.3-aarch64-apple-darwin.tar.gz/scala3-3.6.3-aarch64-apple-darwin/maven2/org/scala-lang/scala3-library_3/3.6.3/scala3-library_3-3.6.3.jar"}]},{"organization":"org.scala-lang","name":"scala-library","version":"2.13.15","artifacts":[{"name":"scala-library","path":"/Users/sreepramod/Library/Caches/Coursier/arc/https/github.com/scala/scala3/releases/download/3.6.3/scala3-3.6.3-aarch64-apple-darwin.tar.gz/scala3-3.6.3-aarch64-apple-darwin/maven2/org/scala-lang/scala-library/2.13.15/scala-library-2.13.15.jar"}]}]},"tags":["library"]}}