{
    "version": "1.4.0",
    "project": {
        "name": "root",
        "directory": "/Users/sreepramod/Desktop/CODE/BASICS/SCALA/MAIN/index",
        "workspaceDir": "/Users/sreepramod/Desktop/CODE/BASICS/SCALA/MAIN/index",
        "sources": [
            "/Users/sreepramod/Desktop/CODE/BASICS/SCALA/MAIN/index/src/main/scala",
            "/Users/sreepramod/Desktop/CODE/BASICS/SCALA/MAIN/index/src/main/scala-3",
            "/Users/sreepramod/Desktop/CODE/BASICS/SCALA/MAIN/index/src/main/java",
            "/Users/sreepramod/Desktop/CODE/BASICS/SCALA/MAIN/index/target/scala-3.6.3/src_managed/main"
        ],
        "dependencies": [
            
        ],
        "classpath": [
            "/Users/sreepramod/Library/Caches/Coursier/v1/https/repo1.maven.org/maven2/org/scala-lang/scala3-library_3/3.6.3/scala3-library_3-3.6.3.jar",
            "/Users/sreepramod/Library/Caches/Coursier/v1/https/repo1.maven.org/maven2/org/scala-lang/scala-library/2.13.15/scala-library-2.13.15.jar"
        ],
        "out": "/Users/sreepramod/Desktop/CODE/BASICS/SCALA/MAIN/index/.bloop/root",
        "classesDir": "/Users/sreepramod/Desktop/CODE/BASICS/SCALA/MAIN/index/.bloop/root/scala-3/classes",
        "resources": [
            "/Users/sreepramod/Desktop/CODE/BASICS/SCALA/MAIN/index/src/main/resources",
            "/Users/sreepramod/Desktop/CODE/BASICS/SCALA/MAIN/index/target/scala-3.6.3/resource_managed/main"
        ],
        "scala": {
            "organization": "org.scala-lang",
            "name": "scala-compiler",
            "version": "3.6.3",
            "options": [
                
            ],
            "jars": [
                "/Users/sreepramod/Library/Caches/Coursier/v1/https/repo1.maven.org/maven2/org/scala-lang/scala3-library_3/3.6.3/scala3-library_3-3.6.3.jar",
                "/Users/sreepramod/Library/Caches/Coursier/v1/https/repo1.maven.org/maven2/org/scala-lang/scala-library/2.13.15/scala-library-2.13.15.jar",
                "/Users/sreepramod/Library/Caches/Coursier/v1/https/repo1.maven.org/maven2/org/scala-lang/scala3-compiler_3/3.6.3/scala3-compiler_3-3.6.3.jar",
                "/Users/sreepramod/Library/Caches/Coursier/v1/https/repo1.maven.org/maven2/org/scala-lang/scala3-interfaces/3.6.3/scala3-interfaces-3.6.3.jar",
                "/Users/sreepramod/Library/Caches/Coursier/v1/https/repo1.maven.org/maven2/org/scala-lang/tasty-core_3/3.6.3/tasty-core_3-3.6.3.jar",
                "/Users/sreepramod/Library/Caches/Coursier/v1/https/repo1.maven.org/maven2/org/scala-lang/modules/scala-asm/9.7.0-scala-2/scala-asm-9.7.0-scala-2.jar",
                "/Users/sreepramod/Library/Caches/Coursier/v1/https/repo1.maven.org/maven2/org/scala-sbt/compiler-interface/1.9.6/compiler-interface-1.9.6.jar",
                "/Users/sreepramod/Library/Caches/Coursier/v1/https/repo1.maven.org/maven2/org/jline/jline-reader/3.27.1/jline-reader-3.27.1.jar",
                "/Users/sreepramod/Library/Caches/Coursier/v1/https/repo1.maven.org/maven2/org/jline/jline-terminal/3.27.1/jline-terminal-3.27.1.jar",
                "/Users/sreepramod/Library/Caches/Coursier/v1/https/repo1.maven.org/maven2/org/jline/jline-terminal-jni/3.27.1/jline-terminal-jni-3.27.1.jar",
                "/Users/sreepramod/Library/Caches/Coursier/v1/https/repo1.maven.org/maven2/org/scala-sbt/util-interface/1.9.8/util-interface-1.9.8.jar",
                "/Users/sreepramod/Library/Caches/Coursier/v1/https/repo1.maven.org/maven2/org/jline/jline-native/3.27.1/jline-native-3.27.1.jar",
                "/Users/sreepramod/Library/Caches/Coursier/v1/https/repo1.maven.org/maven2/org/scala-lang/scaladoc_3/3.6.3/scaladoc_3-3.6.3.jar",
                "/Users/sreepramod/Library/Caches/Coursier/v1/https/repo1.maven.org/maven2/org/scala-lang/scala3-tasty-inspector_3/3.6.3/scala3-tasty-inspector_3-3.6.3.jar",
                "/Users/sreepramod/Library/Caches/Coursier/v1/https/repo1.maven.org/maven2/com/vladsch/flexmark/flexmark/0.62.2/flexmark-0.62.2.jar",
                "/Users/sreepramod/Library/Caches/Coursier/v1/https/repo1.maven.org/maven2/com/vladsch/flexmark/flexmark-util-ast/0.62.2/flexmark-util-ast-0.62.2.jar",
                "/Users/sreepramod/Library/Caches/Coursier/v1/https/repo1.maven.org/maven2/com/vladsch/flexmark/flexmark-util-data/0.62.2/flexmark-util-data-0.62.2.jar",
                "/Users/sreepramod/Library/Caches/Coursier/v1/https/repo1.maven.org/maven2/com/vladsch/flexmark/flexmark-util-html/0.62.2/flexmark-util-html-0.62.2.jar",
                "/Users/sreepramod/Library/Caches/Coursier/v1/https/repo1.maven.org/maven2/com/vladsch/flexmark/flexmark-ext-anchorlink/0.62.2/flexmark-ext-anchorlink-0.62.2.jar",
                "/Users/sreepramod/Library/Caches/Coursier/v1/https/repo1.maven.org/maven2/com/vladsch/flexmark/flexmark-ext-autolink/0.62.2/flexmark-ext-autolink-0.62.2.jar",
                "/Users/sreepramod/Library/Caches/Coursier/v1/https/repo1.maven.org/maven2/com/vladsch/flexmark/flexmark-ext-emoji/0.62.2/flexmark-ext-emoji-0.62.2.jar",
                "/Users/sreepramod/Library/Caches/Coursier/v1/https/repo1.maven.org/maven2/com/vladsch/flexmark/flexmark-ext-gfm-strikethrough/0.62.2/flexmark-ext-gfm-strikethrough-0.62.2.jar",
                "/Users/sreepramod/Library/Caches/Coursier/v1/https/repo1.maven.org/maven2/com/vladsch/flexmark/flexmark-ext-gfm-tasklist/0.62.2/flexmark-ext-gfm-tasklist-0.62.2.jar",
                "/Users/sreepramod/Library/Caches/Coursier/v1/https/repo1.maven.org/maven2/com/vladsch/flexmark/flexmark-ext-wikilink/0.62.2/flexmark-ext-wikilink-0.62.2.jar",
                "/Users/sreepramod/Library/Caches/Coursier/v1/https/repo1.maven.org/maven2/com/vladsch/flexmark/flexmark-ext-tables/0.62.2/flexmark-ext-tables-0.62.2.jar",
                "/Users/sreepramod/Library/Caches/Coursier/v1/https/repo1.maven.org/maven2/com/vladsch/flexmark/flexmark-ext-yaml-front-matter/0.62.2/flexmark-ext-yaml-front-matter-0.62.2.jar",
                "/Users/sreepramod/Library/Caches/Coursier/v1/https/repo1.maven.org/maven2/nl/big-o/liqp/0.8.2/liqp-0.8.2.jar",
                "/Users/sreepramod/Library/Caches/Coursier/v1/https/repo1.maven.org/maven2/org/jsoup/jsoup/1.17.2/jsoup-1.17.2.jar",
                "/Users/sreepramod/Library/Caches/Coursier/v1/https/repo1.maven.org/maven2/com/fasterxml/jackson/dataformat/jackson-dataformat-yaml/2.15.1/jackson-dataformat-yaml-2.15.1.jar",
                "/Users/sreepramod/Library/Caches/Coursier/v1/https/repo1.maven.org/maven2/com/vladsch/flexmark/flexmark-util-builder/0.62.2/flexmark-util-builder-0.62.2.jar",
                "/Users/sreepramod/Library/Caches/Coursier/v1/https/repo1.maven.org/maven2/com/vladsch/flexmark/flexmark-util-collection/0.62.2/flexmark-util-collection-0.62.2.jar",
                "/Users/sreepramod/Library/Caches/Coursier/v1/https/repo1.maven.org/maven2/com/vladsch/flexmark/flexmark-util-dependency/0.62.2/flexmark-util-dependency-0.62.2.jar",
                "/Users/sreepramod/Library/Caches/Coursier/v1/https/repo1.maven.org/maven2/com/vladsch/flexmark/flexmark-util-format/0.62.2/flexmark-util-format-0.62.2.jar",
                "/Users/sreepramod/Library/Caches/Coursier/v1/https/repo1.maven.org/maven2/com/vladsch/flexmark/flexmark-util-misc/0.62.2/flexmark-util-misc-0.62.2.jar",
                "/Users/sreepramod/Library/Caches/Coursier/v1/https/repo1.maven.org/maven2/com/vladsch/flexmark/flexmark-util-sequence/0.62.2/flexmark-util-sequence-0.62.2.jar",
                "/Users/sreepramod/Library/Caches/Coursier/v1/https/repo1.maven.org/maven2/com/vladsch/flexmark/flexmark-util-visitor/0.62.2/flexmark-util-visitor-0.62.2.jar",
                "/Users/sreepramod/Library/Caches/Coursier/v1/https/repo1.maven.org/maven2/org/jetbrains/annotations/15.0/annotations-15.0.jar",
                "/Users/sreepramod/Library/Caches/Coursier/v1/https/repo1.maven.org/maven2/com/vladsch/flexmark/flexmark-util/0.62.2/flexmark-util-0.62.2.jar",
                "/Users/sreepramod/Library/Caches/Coursier/v1/https/repo1.maven.org/maven2/org/nibor/autolink/autolink/0.6.0/autolink-0.6.0.jar",
                "/Users/sreepramod/Library/Caches/Coursier/v1/https/repo1.maven.org/maven2/com/vladsch/flexmark/flexmark-jira-converter/0.62.2/flexmark-jira-converter-0.62.2.jar",
                "/Users/sreepramod/Library/Caches/Coursier/v1/https/repo1.maven.org/maven2/org/antlr/antlr4-runtime/4.7.2/antlr4-runtime-4.7.2.jar",
                "/Users/sreepramod/Library/Caches/Coursier/v1/https/repo1.maven.org/maven2/com/fasterxml/jackson/core/jackson-annotations/2.15.1/jackson-annotations-2.15.1.jar",
                "/Users/sreepramod/Library/Caches/Coursier/v1/https/repo1.maven.org/maven2/com/fasterxml/jackson/core/jackson-core/2.15.1/jackson-core-2.15.1.jar",
                "/Users/sreepramod/Library/Caches/Coursier/v1/https/repo1.maven.org/maven2/com/fasterxml/jackson/core/jackson-databind/2.15.1/jackson-databind-2.15.1.jar",
                "/Users/sreepramod/Library/Caches/Coursier/v1/https/repo1.maven.org/maven2/com/fasterxml/jackson/datatype/jackson-datatype-jsr310/2.12.1/jackson-datatype-jsr310-2.12.1.jar",
                "/Users/sreepramod/Library/Caches/Coursier/v1/https/repo1.maven.org/maven2/ua/co/k/strftime4j/1.0.5/strftime4j-1.0.5.jar",
                "/Users/sreepramod/Library/Caches/Coursier/v1/https/repo1.maven.org/maven2/org/yaml/snakeyaml/2.0/snakeyaml-2.0.jar",
                "/Users/sreepramod/Library/Caches/Coursier/v1/https/repo1.maven.org/maven2/com/vladsch/flexmark/flexmark-util-options/0.62.2/flexmark-util-options-0.62.2.jar",
                "/Users/sreepramod/Library/Caches/Coursier/v1/https/repo1.maven.org/maven2/com/vladsch/flexmark/flexmark-ext-ins/0.62.2/flexmark-ext-ins-0.62.2.jar",
                "/Users/sreepramod/Library/Caches/Coursier/v1/https/repo1.maven.org/maven2/com/vladsch/flexmark/flexmark-ext-superscript/0.62.2/flexmark-ext-superscript-0.62.2.jar"
            ],
            "setup": {
                "order": "mixed",
                "addLibraryToBootClasspath": false,
                "addCompilerToClasspath": false,
                "addExtraJarsToClasspath": false,
                "manageBootClasspath": false,
                "filterLibraryFromClasspath": false
            },
            "bridgeJars": [
                "/Users/sreepramod/Library/Caches/Coursier/v1/https/repo1.maven.org/maven2/org/scala-lang/scala3-sbt-bridge/3.6.3/scala3-sbt-bridge-3.6.3.jar"
            ]
        },
        "java": {
            "options": [
                
            ]
        },
        "test": {
            "frameworks": [
                {
                    "names": [
                        "org.scalacheck.ScalaCheckFramework"
                    ]
                },
                {
                    "names": [
                        "org.specs2.runner.Specs2Framework",
                        "org.specs2.runner.SpecsFramework"
                    ]
                },
                {
                    "names": [
                        "org.specs.runner.SpecsFramework"
                    ]
                },
                {
                    "names": [
                        "org.scalatest.tools.Framework",
                        "org.scalatest.tools.ScalaTestFramework"
                    ]
                },
                {
                    "names": [
                        "com.novocode.junit.JUnitFramework"
                    ]
                },
                {
                    "names": [
                        "munit.Framework"
                    ]
                },
                {
                    "names": [
                        "zio.test.sbt.ZTestFramework"
                    ]
                },
                {
                    "names": [
                        "weaver.framework.CatsEffect"
                    ]
                },
                {
                    "names": [
                        "hedgehog.sbt.Framework"
                    ]
                }
            ],
            "options": {
                "excludes": [
                    
                ],
                "arguments": [
                    
                ]
            }
        },
        "platform": {
            "name": "jvm",
            "config": {
                "home": "/Library/Java/JavaVirtualMachines/jdk-19.jdk/Contents/Home",
                "options": [
                    "-Duser.dir=/Users/sreepramod/Desktop/CODE/BASICS/SCALA/MAIN/index"
                ]
            },
            "mainClass": [
                
            ],
            "runtimeConfig": {
                "home": "/Library/Java/JavaVirtualMachines/jdk-19.jdk/Contents/Home",
                "options": [
                    "-Duser.dir=/Users/sreepramod/Desktop/CODE/BASICS/SCALA/MAIN/index"
                ]
            },
            "classpath": [
                "/Users/sreepramod/Desktop/CODE/BASICS/SCALA/MAIN/index/.bloop/root/scala-3/classes",
                "/Users/sreepramod/Library/Caches/Coursier/v1/https/repo1.maven.org/maven2/org/scala-lang/scala3-library_3/3.6.3/scala3-library_3-3.6.3.jar",
                "/Users/sreepramod/Library/Caches/Coursier/v1/https/repo1.maven.org/maven2/org/scala-lang/scala-library/2.13.15/scala-library-2.13.15.jar"
            ]
        },
        "resolution": {
            "modules": [
                {
                    "organization": "org.scala-lang",
                    "name": "scala3-library_3",
                    "version": "3.6.3",
                    "configurations": "default",
                    "artifacts": [
                        {
                            "name": "scala3-library_3",
                            "path": "/Users/sreepramod/Library/Caches/Coursier/v1/https/repo1.maven.org/maven2/org/scala-lang/scala3-library_3/3.6.3/scala3-library_3-3.6.3.jar"
                        },
                        {
                            "name": "scala3-library_3",
                            "classifier": "sources",
                            "path": "/Users/sreepramod/Library/Caches/Coursier/v1/https/repo1.maven.org/maven2/org/scala-lang/scala3-library_3/3.6.3/scala3-library_3-3.6.3-sources.jar"
                        }
                    ]
                },
                {
                    "organization": "org.scala-lang",
                    "name": "scala-library",
                    "version": "2.13.15",
                    "configurations": "default",
                    "artifacts": [
                        {
                            "name": "scala-library",
                            "path": "/Users/sreepramod/Library/Caches/Coursier/v1/https/repo1.maven.org/maven2/org/scala-lang/scala-library/2.13.15/scala-library-2.13.15.jar"
                        },
                        {
                            "name": "scala-library",
                            "classifier": "sources",
                            "path": "/Users/sreepramod/Library/Caches/Coursier/v1/https/repo1.maven.org/maven2/org/scala-lang/scala-library/2.13.15/scala-library-2.13.15-sources.jar"
                        }
                    ]
                }
            ]
        },
        "tags": [
            "library"
        ]
    }
}