{
  "name": "scala",
  "argv": [
    "/Users/sreepramod/Library/Caches/Coursier/arc/https/github.com/scala/scala3/releases/download/3.6.3/scala3-3.6.3-aarch64-apple-darwin.tar.gz/scala3-3.6.3-aarch64-apple-darwin/libexec/scala-cli",
    "--cli-default-scala-version",
    "3.6.3",
    "--repository",
    "file:///Users/sreepramod/Library/Caches/Coursier/arc/https/github.com/scala/scala3/releases/download/3.6.3/scala3-3.6.3-aarch64-apple-darwin.tar.gz/scala3-3.6.3-aarch64-apple-darwin/maven2",
    "--prog-name",
    "scala",
    "--skip-cli-updates",
    "bsp",
    "--json-options",
    "/Users/sreepramod/Desktop/CODE/BASICS/SCALA/MAIN/index/src/main/scala/basics/.scala-build/ide-options-v2.json",
    "--json-launcher-options",
    "/Users/sreepramod/Desktop/CODE/BASICS/SCALA/MAIN/index/src/main/scala/basics/.scala-build/ide-launcher-options.json",
    "--envs-file",
    "/Users/sreepramod/Desktop/CODE/BASICS/SCALA/MAIN/index/src/main/scala/basics/.scala-build/ide-envs.json",
    "/Users/sreepramod/Desktop/CODE/BASICS/SCALA/MAIN/index/src/main/scala/basics/8_packagesAndImports.scala"
  ],
  "version": "1.5.4",
  "bspVersion": "2.1.1",
  "languages": [
    "scala",
    "java"
  ]
}